archivo,sha256,bytes
README.md,e8e2c5f1ff0a0e4cdeaed1d02012fd17a9480857657c01097cae38bdde78aca2,2503
documentos/00_mapa_maestro_datos.md,70c728990119c639b84440eb2477e9be065832bdc768a0d0b8c8f78904dc918b,6725
documentos/01_especificacion_corpus.md,1a7fabcd7ee9a2b2950fa313c34ffab46c62bb1a6c0160dc9f6ee91051e89356,4800
documentos/02_esquema_metadatos.md,1e6148db47d087d65bde245e307bdb247a3c17fa77163f21f4f15e9e8dcf59d4,4198
ejemplos/ejemplo_metadatos_documento.json,bb4732a2b5d5a8900eff03166dc8882b174a8ec578236dd2abc80d0656ac7c4d,1488
evaluaciones/03_criterios_aceptacion.md,caa599c51fcf16a8ac182cc71dc97efc35936967444ea64875c4cfba79296078,3913
inventario/inventario_corpus.csv,a3d6569dd802afe4902f4660074c1fab9e5cd54927a048dc3a6033a8da400711,29735
matriz/Matriz_Corpus_NuevaMente_Consolidada_v2_Poblacion.xlsx,a7d9bc2e1ed54fa114d6ad12df95220c0b54fb2a0c319118baa72aadab50d3ea,25802
reportes/auditoria_coherencia_fase05_rev5.md,d77b672a684e3d6ab7ac3b0da4ce93bea8766fb1e024d1b865ab77cf4ef7a402,1588
reportes/auditoria_consolidacion_fase03.md,d25972c6834f8570bc86ddeb8f22d508d005b9fa5474076aefcb052f5e8a7c45,2850
reportes/auditoria_consolidacion_fase04.md,8d8e41d86ab9bfb00578847bd683946b7434ea75aa7fcd1d121a7d5ee0489771,1267
reportes/auditoria_integral_fase05_rev5.md,e62474612b081d80df5001bf7ed5e9d2029bcbe333af38fcc4cc3a7cd9bfbec3,13524
reportes/auditoria_integral_fase05_rev6.md,39e70296aacbfa52019dce75c5b9a340d333012db8329417fbf6ae46e45193a6,5843
reportes/auditoria_reconciliacion_fase05_rev3.md,2022bcf8b626b17f36ff30b60a5b938cdd2b266e42aa19bf2d3b9d834c4fec96,991
reportes/auditoria_reconciliacion_fase05_rev4.md,23325b3f6ca6ecf8aafdf7475978497cdb6fde10999127cd2385e5f61fe33b68,2056
reportes/control_materializacion_fuentes.csv,04e6aff34001750b7fbf0f45c332c54df50e7f3028dceb1454ad177d1337503e,17127
reportes/estado_consolidacion.md,102e50379510e50b722325bfa9de4217a854cc98477f56ad24f6fed2919283fc,4021
reportes/pendientes_cierre_materializacion.md,4cf29f737a38a5f804ce8c25b2945acf7b2408ae66cd6e15c781f26d464f712c,1712
reportes/registro_evidencias_fuentes.csv,ce14dd7a12b3fb536fbb0fdb344eff65092aec41a0c0912f182bdb6713841a60,17624
reportes/validacion_fase05.txt,e82735c4a6d1d3d8687f721eb4916ff79c352f411ecfd0faf8d393d9e9907376,86
reportes/validacion_integral_fase05.txt,973d3b44389d5b03f8c4eaa06789a92a0b57706b9997e56d498d70dc67a01920,1122
reportes/validacion_integral_fase05_rev6.txt,273a4777b9f79496f013479fda69773e71e3706aa6682025ad5ac60cc8448312,428
reportes/verificacion_estructura_fase05.md,64d8f8c53ba73b2d52a488a757735f861c2b0381a5effc23ef7a20c4d8ec3067,932
reportes/verificacion_fuentes_prioritarias.md,e4db7caec0b2c2afd6d6bb810b64477507ba6903f2ebd044baef091024a01292,583
reportes/verificacion_fuentes_prioritarias_historico_rev5.md,d6c38d88892e743ef7a6052db718e1556585659f0f68b81eb5f7d086597e296a,5145
tools/validate_corpus.py,0ee73f2950495d90a5a59892ee82e9af0d42d1a22ff8e9c95420ab48b9a705e0,5983
