"identificador","carpeta","tipo_documento","archivo_principal","archivos_fuente","bytes_totales","estado"
"COMP-01","COMP-01_Salud_GPC_Colombia","DOCUMENTO","C:\PROYECTOS\G10_Nuevamente_Equipo48\_revision_corpus_fase05\documentos\COMP-01_Salud_GPC_Colombia\COMP-01_Guia_GPC_Evaluacion_Economica_Salud_Colombia.pdf","1","4168843","SELECCIONADO"
"COMP-03","COMP-03_Gobierno_MIPG_6_1","DOCUMENTO","C:\PROYECTOS\G10_Nuevamente_Equipo48\_revision_corpus_fase05\documentos\COMP-03_Gobierno_MIPG_6_1\COMP-03_Manual_Operativo_MIPG_6_1.pdf","1","6032083","SELECCIONADO"
"COMP-04","COMP-04_Legal_Proteccion_Datos","DOCUMENTO","C:\PROYECTOS\G10_Nuevamente_Equipo48\_revision_corpus_fase05\documentos\COMP-04_Legal_Proteccion_Datos\COMP-04_Guia_Oficial_Proteccion_Datos_Personales.pdf","1","3334426","SELECCIONADO"
"COMP-05","COMP-05_Biotecnologia_Bioseguridad","DOCUMENTO","C:\PROYECTOS\G10_Nuevamente_Equipo48\_revision_corpus_fase05\documentos\COMP-05_Biotecnologia_Bioseguridad\COMP-05_Lineamientos_Nacionales_Bioseguridad_Laboratorios.pdf","1","1060571","SELECCIONADO"
"COMP-06","COMP-06_Marketing_Ventas","DOCUMENTO","C:\PROYECTOS\G10_Nuevamente_Equipo48\_revision_corpus_fase05\documentos\COMP-06_Marketing_Ventas\COMP-06_Introducing_Marketing_John_Burnett.pdf","1","13038645","SELECCIONADO"
"COMP-07","COMP-07_Legal_Compliance_PTEE_2026","DOCUMENTO","C:\PROYECTOS\G10_Nuevamente_Equipo48\_revision_corpus_fase05\documentos\COMP-07_Legal_Compliance_PTEE_2026\COMP-07_Oficio_PTEE_Transicion_2026.pdf","1","263716","SELECCIONADO"
"COMP-09","COMP-09_Biotecnologia_Politica_Colombia","DOCUMENTO","C:\PROYECTOS\G10_Nuevamente_Equipo48\_revision_corpus_fase05\documentos\COMP-09_Biotecnologia_Politica_Colombia\COMP-09_Tecnologias_de_la_vida_para_el_desarrollo.pdf","1","7925258","SELECCIONADO"
"COMP-10","COMP-10_Ventas_SENA","DOCUMENTO","C:\PROYECTOS\G10_Nuevamente_Equipo48\_revision_corpus_fase05\documentos\COMP-10_Ventas_SENA\COMP-10_Vendedor_Externo_SENA.pdf","1","9083512","SELECCIONADO"
"COMP-11","COMP-11_Sales_Leadership_Management","DOCUMENTO","C:\PROYECTOS\G10_Nuevamente_Equipo48\_revision_corpus_fase05\documentos\COMP-11_Sales_Leadership_Management\COMP-11_Sales_Leadership_Management.pdf","1","17950289","SELECCIONADO"
"NM-001","NM-001_Fundamentos_Programacion_Python","DOCUMENTO","C:\PROYECTOS\G10_Nuevamente_Equipo48\_revision_corpus_fase05\documentos\NM-001_Fundamentos_Programacion_Python\NM-001_Fundamentos_Programacion_Python.pdf","1","6882391","SELECCIONADO"
"NM-002","NM-002_Think_Python_3e_Espanol","DOCUMENTO","C:\PROYECTOS\G10_Nuevamente_Equipo48\_revision_corpus_fase05\documentos\NM-002_Think_Python_3e_Espanol\NM-002_Think_Python_3e_Espanol.pdf","1","6799471","SELECCIONADO"
"NM-003","NM-003_A_Practical_Introduction_to_Databases","REPOSITORIO_FUENTE","C:\PROYECTOS\G10_Nuevamente_Equipo48\_revision_corpus_fase05\documentos\NM-003_A_Practical_Introduction_to_Databases","14","131467","SELECCIONADO"
"NM-004","NM-004_Diseno_de_base_de_datos","DOCUMENTO","C:\PROYECTOS\G10_Nuevamente_Equipo48\_revision_corpus_fase05\documentos\NM-004_Diseno_de_base_de_datos\NM-004_Diseno_de_base_de_datos.pdf","1","1083273","SELECCIONADO"
"NM-006","NM-006_Manual_de_Ciberseguridad_OSC","DOCUMENTO","C:\PROYECTOS\G10_Nuevamente_Equipo48\_revision_corpus_fase05\documentos\NM-006_Manual_de_Ciberseguridad_OSC\NM-006_Manual_de_Ciberseguridad_OSC.pdf","1","12117201","SELECCIONADO"
"NM-007","NM-007_ESP32_en_el_Aula","DOCUMENTO","C:\PROYECTOS\G10_Nuevamente_Equipo48\_revision_corpus_fase05\documentos\NM-007_ESP32_en_el_Aula\NM-007_ESP32_en_el_Aula.pdf","1","12426137","SELECCIONADO"
"NM-008","NM-008_Electronica_Digital","DOCUMENTO","C:\PROYECTOS\G10_Nuevamente_Equipo48\_revision_corpus_fase05\documentos\NM-008_Electronica_Digital\NM-008_Electronica_Digital.pdf","1","9615984","SELECCIONADO"
"NM-009","NM-009_Energia_Solar_Fotovoltaica","DOCUMENTO","C:\PROYECTOS\G10_Nuevamente_Equipo48\_revision_corpus_fase05\documentos\NM-009_Energia_Solar_Fotovoltaica\NM-009_Energia_Solar_Fotovoltaica.pdf","1","13378020","SELECCIONADO"
"NM-010","NM-010_Sistemas_Informacion_Geografica","DOCUMENTO","C:\PROYECTOS\G10_Nuevamente_Equipo48\_revision_corpus_fase05\documentos\NM-010_Sistemas_Informacion_Geografica\NM-010_Sistemas_Informacion_Geografica.pdf","1","47431681","SELECCIONADO"
"NM-011","NM-011_Desarrollo_Aplicaciones_Moviles_Google_Cloud","DOCUMENTO","C:\PROYECTOS\G10_Nuevamente_Equipo48\_revision_corpus_fase05\documentos\NM-011_Desarrollo_Aplicaciones_Moviles_Google_Cloud\NM-011_Desarrollo_Aplicaciones_Moviles_Google_Cloud.pdf","1","12475105","SELECCIONADO"
"NM-012","NM-012_Risk_and_Reliability_for_Engineers","REPOSITORIO_FUENTE","C:\PROYECTOS\G10_Nuevamente_Equipo48\_revision_corpus_fase05\documentos\NM-012_Risk_and_Reliability_for_Engineers","31","190576","SELECCIONADO"
"NM-014","NM-014_Introduccion_a_la_Quimica_CEAEQ","DOCUMENTO","C:\PROYECTOS\G10_Nuevamente_Equipo48\_revision_corpus_fase05\documentos\NM-014_Introduccion_a_la_Quimica_CEAEQ\NM-014_Introduccion_a_la_Quimica_CEAEQ.pdf","1","4159853","SELECCIONADO"
"NM-015","NM-015_Como_funciona_la_energia","DOCUMENTO","C:\PROYECTOS\G10_Nuevamente_Equipo48\_revision_corpus_fase05\documentos\NM-015_Como_funciona_la_energia\NM-015_Como_funciona_la_energia.pdf","1","5616007","SELECCIONADO"
"NM-016","NM-016_Como_funciona_la_tecnologia","DOCUMENTO","C:\PROYECTOS\G10_Nuevamente_Equipo48\_revision_corpus_fase05\documentos\NM-016_Como_funciona_la_tecnologia\NM-016_Como_funciona_la_tecnologia.pdf","1","6225576","SELECCIONADO"
"NM-018","NM-018_Data_Structures_in_Practice","REPOSITORIO_FUENTE","C:\PROYECTOS\G10_Nuevamente_Equipo48\_revision_corpus_fase05\documentos\NM-018_Data_Structures_in_Practice","64","939450","SELECCIONADO"
"NM-019","NM-019_Performance_and_Benchmarking","REPOSITORIO_FUENTE","C:\PROYECTOS\G10_Nuevamente_Equipo48\_revision_corpus_fase05\documentos\NM-019_Performance_and_Benchmarking","98","1177466","SELECCIONADO"
"NM-020","NM-020_Python_Intermedio","DOCUMENTO","C:\PROYECTOS\G10_Nuevamente_Equipo48\_revision_corpus_fase05\documentos\NM-020_Python_Intermedio\NM-020_Python_Intermedio.pdf","1","1205952","SELECCIONADO"
