"archivo","bytes","sha256"
"00_mapa_maestro_datos.md","6725","70C728990119C639B84440EB2477E9BE065832BDC768A0D0B8C8F78904DC918B"
"01_especificacion_corpus.md","4800","1A7FABCD7EE9A2B2950FA313C34FFAB46C62BB1A6C0160DC9F6EE91051E89356"
"02_esquema_metadatos.md","4198","1E6148DB47D087D65BDE245E307BDB247A3C17FA77163F21F4F15E9E8DCF59D4"
"COMP-01_Salud_GPC_Colombia\COMP-01_Guia_GPC_Evaluacion_Economica_Salud_Colombia.pdf","4168843","D80A1DCA8805BC74EAB7FCDCED897EB42268A0D7034B8C9E27051739D72AE262"
"COMP-02_Banca_FinTech_Finanzas_Abiertas\COMP-02_Finanzas_Abiertas_Colombia.html","219665","0315CBD8660E5F1F6A88A5FEE0C9D6C1D5918FE4B3A9C662BF1322282AF94730"
"COMP-03_Gobierno_MIPG_6_1\COMP-03_Manual_Operativo_MIPG_6_1.pdf","6032083","47BAC67BDED8568F4F17E4240BFAAB9421C5E4B34BAFEE80D411ECC6336B8C46"
"COMP-04_Legal_Proteccion_Datos\COMP-04_Guia_Oficial_Proteccion_Datos_Personales.pdf","3334426","1DF0FC0BF1B2DCD7C3C6CE0E77DE139489462D4EAFDDD240ECCE0351C873ED7E"
"COMP-05_Biotecnologia_Bioseguridad\COMP-05_Lineamientos_Nacionales_Bioseguridad_Laboratorios.pdf","1060571","B86B4013FF39B46177B8CA03A284E8F2C723E36851729130F920CA0D0F7F8782"
"COMP-06_Marketing_Ventas\COMP-06_Introducing_Marketing_John_Burnett.pdf","13038645","E5B01DEE6685050C0CFCDC1C343A0663B999FBE395991B623A5653016EDA794C"
"COMP-07_Legal_Compliance_PTEE_2026\COMP-07_Oficio_PTEE_Transicion_2026.pdf","263716","48324891AEB416C21B9DB6B69AA53E7EE0649DF42F6CA31A024F33E5012EF8AF"
"COMP-08_Banca_FinTech_Circular_004_2024\COMP-08_Circular_Externa_004_2024_Finanzas_Abiertas.html","231031","9039E5C4D43943EFC49E38144D727CA947EACC7E37FFAC0EC55DFCE33BA65F8E"
"COMP-09_Biotecnologia_Politica_Colombia\COMP-09_Tecnologias_de_la_vida_para_el_desarrollo.pdf","7925258","B93B6C228CB9F1BE733D09F71D6D3E3203DAF63D19381ED2900AE11971098B91"
"COMP-10_Ventas_SENA\COMP-10_Vendedor_Externo_SENA.pdf","9083512","627C157A98FCBD5FD0501E513B16C9EF78D6AC2E82A1509FF7122C491AD76F07"
"COMP-11_Sales_Leadership_Management\COMP-11_Sales_Leadership_Management.pdf","17950289","CFEF6CB979AA8C31F08476CB16310CF79F0DAF90C25EF178083F43F078743AAD"
"NM-001_Fundamentos_Programacion_Python\NM-001_Fundamentos_Programacion_Python.pdf","6882391","A8A273F011EB47DFD0B24D3C8FE2F9916CCE3A2DF1C323AAFF3C16E9CEA45E9A"
"NM-002_Think_Python_3e_Espanol\NM-002_Think_Python_3e_Espanol.pdf","6799471","F59643079A210A8E46A5CAB5E5B0B51446A1CBC34530F0CCC2153FBCD1DA4B3D"
"NM-004_Diseno_de_base_de_datos\NM-004_Diseno_de_base_de_datos.pdf","1083273","5F0A44D15AEE9E5629D40A2C0B8C393D5A3CA510E015B66B4FCA135BED5CC7B8"
"NM-006_Manual_de_Ciberseguridad_OSC\NM-006_Manual_de_Ciberseguridad_OSC.pdf","12117201","D366E6EBF409AA4677D0678E9C3A39BD08EB2D7FD4E7BA3137CE6161036E4E53"
"NM-007_ESP32_en_el_Aula\NM-007_ESP32_en_el_Aula.pdf","12426137","DCA7B33B28D62CE5FC5047FE592B8B22BE8D1BD6499717AC31199C9297CF2400"
"NM-008_Electronica_Digital\NM-008_Electronica_Digital.html","88140","0C5544B089CAAF8BCAA9CD5D94CF8AD8B1B272B46AD01EB78F75BEE9947E7A41"
"NM-008_Electronica_Digital\NM-008_Electronica_Digital.pdf","9615984","FA7FB6436A46CBE615E6C984A756C837220D5FADE3C0E78A6CD6AAEADAD1C190"
"NM-009_Energia_Solar_Fotovoltaica\NM-009_Energia_Solar_Fotovoltaica.pdf","13378020","ADC27FA0DA262BF1835F1D62B8EA4FE73F0B222ABB85F108AB3A5F9645CCDB93"
"NM-010_Sistemas_Informacion_Geografica\NM-010_Sistemas_Informacion_Geografica.pdf","47431681","572534C46DDB913991611B2795E384D8DF16FBC89E0F89D69C5C68C400926256"
"NM-011_Desarrollo_Aplicaciones_Moviles_Google_Cloud\NM-011_Desarrollo_Aplicaciones_Moviles_Google_Cloud.pdf","12475105","2B0FBC1D5D49391AFE20B2D59494B7B8EB98D1F205297745286232F1F08944C0"
"NM-012_Risk_and_Reliability_for_Engineers\risk-reliability\book\credits.md","4275","3D71DDD8015ADFC88C90A0AC9E8AB31EBBAEEA523BF6A992EB143583B729689B"
"NM-012_Risk_and_Reliability_for_Engineers\risk-reliability\book\intro.md","10503","65D36AC30971DF346E095C6C59D31E379EB3D9E42167CD8A9167036B9A94C611"
"NM-012_Risk_and_Reliability_for_Engineers\risk-reliability\book\references.md","38","8455BFF9CFF2BF125A60C3F3B873C5AA440DC8DBD7F67F8ED96D7CEA4C2EF706"
"NM-012_Risk_and_Reliability_for_Engineers\risk-reliability\book\exercises\exercise-dam.md","7226","67B7E5C2BFBDDED03DFB1E69B68720E86782837DC7BB93DAD39BC0D9CAFEE490"
"NM-012_Risk_and_Reliability_for_Engineers\risk-reliability\book\exercises\exercise-fn-curve.md","1794","0E839D2E9B2D33A358CD5B42C7F30A8DC6236B281483F3F9E7EF94168E92075D"
"NM-012_Risk_and_Reliability_for_Engineers\risk-reliability\book\exercises\exercise-paint.md","7591","65935379E0B0C2377A8F6B084C25A3BBE33F968A503AE316B2C61154E0C0494D"
"NM-012_Risk_and_Reliability_for_Engineers\risk-reliability\book\exercises\exercise-sample-exam.md","11693","C1BC9DE03B7BFB41AE82A91A507096A4C7ED82ACD1758865A3B868913FE46E7E"
"NM-012_Risk_and_Reliability_for_Engineers\risk-reliability\book\exercises\overview.md","402","2B2BE8685F41C69DEE16E6D98D2F460A466737D02AE234FCF90163A9FABED7AB"
"NM-012_Risk_and_Reliability_for_Engineers\risk-reliability\book\figures\cover_README.txt","699","21CDDD8E1C67FFBCF12F8D8A7E111A34032B0E1E72440E4109DC7E02AEE2D9C2"
"NM-012_Risk_and_Reliability_for_Engineers\risk-reliability\book\notebooks\overview.md","353","D95CB9BA163D77EBA3C01AD54A9AC61C64EA6B6A7C9BBDC04AFDAA2C3C0AD5CF"
"NM-012_Risk_and_Reliability_for_Engineers\risk-reliability\book\other-topics\test_codeblocks.md","915","9227147CEDBFEB16EEA6A94E223EBE187870F33E6E451DDD8E92658AF90EBA36"
"NM-012_Risk_and_Reliability_for_Engineers\risk-reliability\book\prob-design\01-one-random-variable.md","6196","B2577FA257CF024E6153B8B734E2F62C5FB211547472C61994C030BB5508D8F5"
"NM-012_Risk_and_Reliability_for_Engineers\risk-reliability\book\prob-design\02-two-random-variables.md","9409","1005B4CDB1CCBAC7142804B4DB36228EF4C6071E407A554D4EA81840C3616394"
"NM-012_Risk_and_Reliability_for_Engineers\risk-reliability\book\prob-design\example-river-system.md","992","AD63D036273C2AE6C26F0E99B312241C194ED8EB14EE306039D366139716E16A"
"NM-012_Risk_and_Reliability_for_Engineers\risk-reliability\book\prob-design\exercise.md","1171","E4B61418EA2F51896E2CD2EBAE957D7302F62CA33BD79355FF76DBA01D47EF47"
"NM-012_Risk_and_Reliability_for_Engineers\risk-reliability\book\prob-design\overview.md","5159","809D1D31DC6B5C0643859E8CF78D1076C8CE4E2801B32E414DEE477037F6ED88"
"NM-012_Risk_and_Reliability_for_Engineers\risk-reliability\book\reliability-component\overview.md","7942","E9EDCDFB92C0F9D4AE4A13E9FEC318016678BAD2B01ACBD740991953CF6E18EB"
"NM-012_Risk_and_Reliability_for_Engineers\risk-reliability\book\reliability-system\exercise-simple-city.md","4913","CBC8D44EBC1D4BDAA59EB324A7C13281B744BD3B461307855335235F06561A48"
"NM-012_Risk_and_Reliability_for_Engineers\risk-reliability\book\reliability-system\overview.md","9931","96CEDF5B79340DA323593A07C677A432223F8AB348C93613B7B9D9BC5EEA00CA"
"NM-012_Risk_and_Reliability_for_Engineers\risk-reliability\book\risk-analysis\definition.md","9343","2DA606B4E086B231C6209E026007138117204722A369C7BEDB148D5B472D7644"
"NM-012_Risk_and_Reliability_for_Engineers\risk-reliability\book\risk-analysis\overview.md","2117","E84D008B0C0C8BC8258AF9FB43A56F69E2DEC8A5304BAEFB05B886A31395D3F2"
"NM-012_Risk_and_Reliability_for_Engineers\risk-reliability\book\risk-analysis\risk-curves.md","7379","3BF210B48C3951E558C8BB27E24A3686ECC2820F6DBF43B659917A69205A803F"
"NM-012_Risk_and_Reliability_for_Engineers\risk-reliability\book\risk-analysis\steps.md","15161","418A9610D328701039409B92E45929387BE1F6F27853A37B058499F28410D7CA"
"NM-012_Risk_and_Reliability_for_Engineers\risk-reliability\book\risk-evaluation\cost-benefit.md","10094","74FAA4C54671600DD4B53762BCF0F2BC3BCD385E71026692768C0D033284C95D"
"NM-012_Risk_and_Reliability_for_Engineers\risk-reliability\book\risk-evaluation\decision.md","15543","3DD8EEFD6E09DB6A5CF8BAB39A1DC6376D98324B4C4CCCDE48DBDC2582F8D170"
"NM-012_Risk_and_Reliability_for_Engineers\risk-reliability\book\risk-evaluation\econ-optimization.md","3649","26F87B3F2A6AA15BFB59F5552780F3D5CA48E0DB2277C9ED8ECF31F58A4BDED5"
"NM-012_Risk_and_Reliability_for_Engineers\risk-reliability\book\risk-evaluation\example-dike-height.md","10341","5F6CFC05A04AF4B51741B4961AB465938A5BE493F9FBD6695936D7BFBCB1CB1C"
"NM-012_Risk_and_Reliability_for_Engineers\risk-reliability\book\risk-evaluation\overview.md","555","4488E39D7B5DC608502692203A8DC3C2CCF3D33B24E95845CA44338FB4A252B3"
"NM-012_Risk_and_Reliability_for_Engineers\risk-reliability\book\risk-evaluation\safety-standards.md","25192","552228BBD74A945064339BDA7B6D980A5476D32B42F422CE3B5E4B1B605E0ACC"
"NM-014_Introduccion_a_la_Quimica_CEAEQ\NM-014_Introduccion_a_la_Quimica_CEAEQ.pdf","4159853","366E20587F6DEFD46E775CA927F16DA5345C39DF3D91F4E6D4CE7FEF55832E77"
"NM-015_Como_funciona_la_energia\NM-015_Como_funciona_la_energia.pdf","5616007","897DD3EFD3F90BBBCEE61CB08F38C9389B3EF076EDC29CE4CB09BC57AA175BE0"
"NM-016_Como_funciona_la_tecnologia\NM-016_Como_funciona_la_tecnologia.pdf","6225576","5213D0F6939B49139AFD9156EE5752E4DDAE8DE6FCE3C45A07CB63E9508342E5"
"NM-018_Data_Structures_in_Practice\manuscript\appendices\appendix_a.md","14907","39129612BBAA1EEB27612DB8D979BA8A0CEC52D6156D229347AA5F87496158AA"
"NM-018_Data_Structures_in_Practice\manuscript\appendices\appendix_b.md","14428","2ACD2D48CCB8A8005C488F1682CB8D233605169907CA1CF801B801CEB2A084FA"
"NM-018_Data_Structures_in_Practice\manuscript\appendices\appendix_c.md","24325","38E9DAB184E1528B4FE476001BFED6032B014C2259D8F151B841963D2DC59E62"
"NM-018_Data_Structures_in_Practice\manuscript\appendices\appendix_d.md","26324","5FE088A82ABB7A429BD8F0B8F8EA9B55C65CB8DCC3588CD10EE50221367F9552"
"NM-018_Data_Structures_in_Practice\manuscript\appendices\appendix_e.md","24425","51DE502B51949B09DCAF6CDEFD16A8AF48943536B80FD9AA67A185F418CA5674"
"NM-018_Data_Structures_in_Practice\manuscript\appendices\appendix_f.md","29893","A2F9675D062BE730243214D54C4EB6D5008A86AB0F379B4455F703A9B9B274B2"
"NM-018_Data_Structures_in_Practice\manuscript\back_matter\about_author.md","4387","DFBEA09C38E89B9E9BA75BEB4F0861D1DF1AE68FAC8C7C56BCADBD4E8B4C876F"
"NM-018_Data_Structures_in_Practice\manuscript\back_matter\bibliography.md","9408","D8F9E96561E31B3AE930CCA4DBBB6AC88DA11CC8448B05CC58205B94FB6D1ECA"
"NM-018_Data_Structures_in_Practice\manuscript\chapters\chapter01.md","14459","91A72B213E045BF2212E0520252E1977F33CCC87E5CEE1E6AA93867125FD810B"
"NM-018_Data_Structures_in_Practice\manuscript\chapters\chapter02.md","12825","9B41404C95DC701FD296232C3C44F7D756B03C01CD2952D1E6E2E3FBF757F3A5"
"NM-018_Data_Structures_in_Practice\manuscript\chapters\chapter03.md","16065","696907DC849CF5193D4FD4CE08A864856B771416A1B6A4F7149FF7C2361037BC"
"NM-018_Data_Structures_in_Practice\manuscript\chapters\chapter04.md","19721","0683D2B55F6424949F2424943BA430B36D040EB079E7849574D0C0277C890682"
"NM-018_Data_Structures_in_Practice\manuscript\chapters\chapter05.md","17031","B57FBDE8492354F8C8C935B2B4DD9956137B845E904F4FD5D5316635910AA5DA"
"NM-018_Data_Structures_in_Practice\manuscript\chapters\chapter06.md","15068","0FB42271BCC1BADA6DBE5126B879896BF959BAF0806484DB152580AAC34753F2"
"NM-018_Data_Structures_in_Practice\manuscript\chapters\chapter07.md","23514","16BAC38F6ABD22A379AF4758630F880BBBC0EE0275B8A7CE7F089F3843370879"
"NM-018_Data_Structures_in_Practice\manuscript\chapters\chapter08.md","20369","B0F11260DB7CD8DC37E847456F92E9506B70898E9F734C4A6D2266072BB6DB9E"
"NM-018_Data_Structures_in_Practice\manuscript\chapters\chapter09.md","16239","A9519FA5719FCDE3F63AAF37D007905E239A3B43347440B058B2A715DABF5C9A"
"NM-018_Data_Structures_in_Practice\manuscript\chapters\chapter10.md","15399","524866C3569547C2C0DFC7706B14A2529E96C6784757A76D7B47C544EBEDA496"
"NM-018_Data_Structures_in_Practice\manuscript\chapters\chapter11.md","11393","0A94135342CAE22B9BE79E1B3714AAEF1FFE3AE62CEC109FF476C58ED5B74A76"
"NM-018_Data_Structures_in_Practice\manuscript\chapters\chapter12.md","10560","B24C9D735B88FCC340608F392A3CFA1EE5C046624F0CED3FD8962857F54B250E"
"NM-018_Data_Structures_in_Practice\manuscript\chapters\chapter13.md","12797","72580B9F173C49D13106666F2186AAE6B32AC08ECFE4862207F481DB11C32B2A"
"NM-018_Data_Structures_in_Practice\manuscript\chapters\chapter14.md","16277","508C6B7AA03E1E915931AFD496A290908056EC4ED50DDFBBA07665A8A5DEF3F1"
"NM-018_Data_Structures_in_Practice\manuscript\chapters\chapter15.md","17272","91FC7641613586FF98DDE1FEF4D9598F34BC4592F91990440AE70E531D8EA8D1"
"NM-018_Data_Structures_in_Practice\manuscript\chapters\chapter16.md","19170","B01B8A28C22F0AD43E136796217483957B213AE09641C8843573F7B8A8159207"
"NM-018_Data_Structures_in_Practice\manuscript\chapters\chapter17.md","17507","8881E0C4D5CE1DD2B235DF854CBDF9DE062421FD8D545DE9CCF4D5373B775C20"
"NM-018_Data_Structures_in_Practice\manuscript\chapters\chapter18.md","18055","B2B18CFC634B4E31BEE8C15BB4D8C98E0F427D2FD5643E3ED54CF1863070355A"
"NM-018_Data_Structures_in_Practice\manuscript\chapters\chapter19.md","17139","3E64C8E623459ED023F02F1E80FA0A0EA946DBC42DFC10011A34AA5EB01E3554"
"NM-018_Data_Structures_in_Practice\manuscript\chapters\chapter20.md","22069","F5AAC21C73E5C4EB92CAF1D6F75285928A585009E60E9E89819B3CB74C38A0BC"
"NM-018_Data_Structures_in_Practice\manuscript\front_matter\00_cover.md","702","AD4EA45C022889D8C77F80FBD66430676B2EB228E64A6359BF303182CA354954"
"NM-018_Data_Structures_in_Practice\manuscript\front_matter\01_copyright.md","2750","975C54CBFD44AE1A4A72D635366FD490607160F543493E2164EE853020B8DBDF"
"NM-018_Data_Structures_in_Practice\manuscript\front_matter\02_preface.md","6448","AF0F99A933A994468BC3CFDB7C92C355787D44A7F281D1CA75458C72A97097B1"
"NM-018_Data_Structures_in_Practice\manuscript\front_matter\03_table_of_contents.md","7214","FC874775A8668373AC34CF2CA6D773C94DE6ECADF4B734720DE1404A8F34CA23"
"NM-018_Data_Structures_in_Practice\manuscript-zh-TW\appendices\appendix_a.md","9013","2F32418DF29CD4ACE9ACD31ADBA3497A4034970222B95B520AB158553ECFA2E2"
"NM-018_Data_Structures_in_Practice\manuscript-zh-TW\appendices\appendix_b.md","9348","329DE11CEA9B5B4E0FECA602D79D7FB2F5A5EBBFFF02AD1F9AE11E42B9FA613E"
"NM-018_Data_Structures_in_Practice\manuscript-zh-TW\appendices\appendix_c.md","10958","72D9B63FD54A01D3A01FE974801E0CB145DD789598F1D7CD81541CB22E38E63E"
"NM-018_Data_Structures_in_Practice\manuscript-zh-TW\appendices\appendix_d.md","8117","A93B1D5BFC5A5479D3AA91E228351429574CB2695760F485237BF7A84C3BCE8A"
"NM-018_Data_Structures_in_Practice\manuscript-zh-TW\appendices\appendix_e.md","24638","4771903539FD1F203A11123F41A0EC14D3AEBB2984A93F07FAD98FDC21385EB5"
"NM-018_Data_Structures_in_Practice\manuscript-zh-TW\appendices\appendix_f.md","15980","C88D09579C250B3D36FF3C64B9849E22AD92F8A6FA4C8BE098647B214A8C8A88"
"NM-018_Data_Structures_in_Practice\manuscript-zh-TW\back_matter\about_author.md","4175","80E5F2B6CF0CA45A45B7FA35AC4338DD22871770A509AD812080E4B549DEB2DE"
"NM-018_Data_Structures_in_Practice\manuscript-zh-TW\back_matter\bibliography.md","5587","594487C50C59E5CD3E0A70F25143E81A7FD1E76854F1A55313BBF87640096B28"
"NM-018_Data_Structures_in_Practice\manuscript-zh-TW\chapters\chapter01.md","17024","8E36C9613B6592A9329A633DB41486D2E6CB4CB4F2DC868AE852205B9685486C"
"NM-018_Data_Structures_in_Practice\manuscript-zh-TW\chapters\chapter02.md","14882","0A2A555061F86ED36DBA980C75F452A01D898EF95C2CD269A0063066FF18AC3E"
"NM-018_Data_Structures_in_Practice\manuscript-zh-TW\chapters\chapter03.md","19228","C2CB07DAFB785562DF981523EDB349339C42AE9EDD06E4E4CA19EAFD9FC13589"
"NM-018_Data_Structures_in_Practice\manuscript-zh-TW\chapters\chapter04.md","21001","106CDF27D9973648DCA52DF2DED53A14CECB4211A401A36855D5C0AB38B462A2"
"NM-018_Data_Structures_in_Practice\manuscript-zh-TW\chapters\chapter05.md","17789","8C5A157267358C940E2926AA7ED741A8598BB7458CD205DB5E242B23760880DE"
"NM-018_Data_Structures_in_Practice\manuscript-zh-TW\chapters\chapter06.md","15831","91C348C60822033ED411170BD5451F0DD80CB86045915A758C72014D80154CB1"
"NM-018_Data_Structures_in_Practice\manuscript-zh-TW\chapters\chapter07.md","23672","962A7EC4C76F32EDCFAC2F7EEAAB1D97819EA274EA0FD014EE2EAC7ABBA78EBA"
"NM-018_Data_Structures_in_Practice\manuscript-zh-TW\chapters\chapter08.md","19422","AFC423701B7E574F08CC35B1390B8BAD7189CE475111D258CBFF46D71CC8095D"
"NM-018_Data_Structures_in_Practice\manuscript-zh-TW\chapters\chapter09.md","16137","347048AC67B2F54443F297BE82D58DEA5DD15E9A767260678C15797AFAC196D9"
"NM-018_Data_Structures_in_Practice\manuscript-zh-TW\chapters\chapter10.md","15626","3ED11BA983F6AA2A9097F1BC594283338FFEBB6436412535D0A6CB4183127BC6"
"NM-018_Data_Structures_in_Practice\manuscript-zh-TW\chapters\chapter11.md","11403","82D801ADA625C9AACC7221800E4940E3B769BFA1E0B8B1CBEEE70F603336895A"
"NM-018_Data_Structures_in_Practice\manuscript-zh-TW\chapters\chapter12.md","10549","0E71385E4D28304AB76EA8DC6C9D4FE8839B0009A54674AD1BA095623B462C9C"
"NM-018_Data_Structures_in_Practice\manuscript-zh-TW\chapters\chapter13.md","12714","E80D781236CEE4DA717319F5C1100C8FC08235D4ED8536D834DD2ED5D4B15CB1"
"NM-018_Data_Structures_in_Practice\manuscript-zh-TW\chapters\chapter14.md","16057","251C1AA318850886F0E7380B9A670A60F5649BAF06A426C41C7D4A4214439D21"
"NM-018_Data_Structures_in_Practice\manuscript-zh-TW\chapters\chapter15.md","17143","31C63ED8AC621F25D27B7578C91297E465552F030DDECA1FD1936853597AB04F"
"NM-018_Data_Structures_in_Practice\manuscript-zh-TW\chapters\chapter16.md","18180","793C5400C65C4DEDB3E31CF12D97B7E1A67CA0CC690676C73279A025616EAB06"
"NM-018_Data_Structures_in_Practice\manuscript-zh-TW\chapters\chapter17.md","16527","7D0F94EE426AD0648E14C1F145756FCF541F980573464912FA679AB77BFA4901"
"NM-018_Data_Structures_in_Practice\manuscript-zh-TW\chapters\chapter18.md","17322","70937FF9F0FC282FC24C9C0F0BF381ED34EB4D340968962AE4CC67A411C1DE02"
"NM-018_Data_Structures_in_Practice\manuscript-zh-TW\chapters\chapter19.md","16322","7F9259F8C6EF8814A6C52794B9DC0EAD7828BA85E69A6C17CEBF1BAAF8FF9F25"
"NM-018_Data_Structures_in_Practice\manuscript-zh-TW\chapters\chapter20.md","20359","944F3DA7AAB3158EB527E8733A54562733905ABF26E0BBAA9D0C02DB146DB582"
"NM-018_Data_Structures_in_Practice\manuscript-zh-TW\front_matter\00_cover.md","726","F215B3F7EAF6CF008D2E375F0DE3C461411A26511EAFA07F9E5FC0D3BD372262"
"NM-018_Data_Structures_in_Practice\manuscript-zh-TW\front_matter\01_copyright.md","2455","597EBB12459B0A86B6A12772E3BB42F2D7C6BB76DAF164C71532136C9783FF45"
"NM-018_Data_Structures_in_Practice\manuscript-zh-TW\front_matter\02_preface.md","5840","063006264F5B8ADB6BFF70505129255A2D97850732D7B49C65DDE8D6B618D502"
"NM-018_Data_Structures_in_Practice\manuscript-zh-TW\front_matter\03_table_of_contents.md","7285","38CA76B738370226945DCEA02A5836D4A4A40B3CF293718AD7D952FA749309D8"
"NM-019_Performance_and_Benchmarking\manuscript\appendices\appendix-a.md","11355","E0301B9CED1037851A7603E84AFE436C68EFA91763F9F65223AB85B03CB75933"
"NM-019_Performance_and_Benchmarking\manuscript\appendices\appendix-b.md","9196","C3A62A0421CC0C4479A696B5540BC169DB750D859E46D813B7EBC09927250276"
"NM-019_Performance_and_Benchmarking\manuscript\appendices\appendix-c.md","7782","104BF580B529E74DA704E71EDA5C2C3F89094C8DB86F40CB66197192585DD00D"
"NM-019_Performance_and_Benchmarking\manuscript\appendices\appendix-d.md","10014","32751FBB52C25F925A8D373ED1AD0F00010151EF4296B510D8C625FBE166A13C"
"NM-019_Performance_and_Benchmarking\manuscript\appendices\appendix-e.md","26062","710FE26D9633FE7E1A7622FA4B6F8120AB112EDA4CC6826592205EDC1ECD4A7F"
"NM-019_Performance_and_Benchmarking\manuscript\appendices\appendix-f.md","11163","27E451B66F2BB24FBD1B0F75ECD4793A03742AE695896AE85AC8DD752629B3C5"
"NM-019_Performance_and_Benchmarking\manuscript\appendices\appendix-g.md","12169","98D4AEA51F52BBBBA3312F830A485EED4CB09E4D171D92F4BF18AFDCF8B1509B"
"NM-019_Performance_and_Benchmarking\manuscript\appendices\appendix-h.md","15725","2D9DF0C4E7C2C4338FDB3D87729B0E8BBBB6C69A07BFE8705EDDC48EF3A56369"
"NM-019_Performance_and_Benchmarking\manuscript\back_matter\about_author.md","3877","E403348C5D51B1E617A9A878BE64C15B12CCFFA45B9C5BB0E9DB0FBE28AEEA12"
"NM-019_Performance_and_Benchmarking\manuscript\back_matter\bibliography.md","6644","882923E50C283A5893BFA1C4FEB356E016C919B072F70023B296EDCDDEA8C7A7"
"NM-019_Performance_and_Benchmarking\manuscript\chapters\chapter01.md","10763","7A6E04302E329AAA2161CFBC6EC5B28F7E66074542E6F0E564251F7F7ECA705C"
"NM-019_Performance_and_Benchmarking\manuscript\chapters\chapter02.md","10870","BAB81642626FBD221E5088B4B4253E13F3FBD0B1070001B489E25C660DE317C4"
"NM-019_Performance_and_Benchmarking\manuscript\chapters\chapter03.md","12463","F526ABD64F05E4D9FD0D71CA42FC7E28DF0F5970EF284B7375465432893FBB15"
"NM-019_Performance_and_Benchmarking\manuscript\chapters\chapter04.md","13552","056067775C445576B8EB364CA90E43FDD8761DEBF00479BAE6304A01A541B072"
"NM-019_Performance_and_Benchmarking\manuscript\chapters\chapter05.md","13568","DD9EF30113EB9661A18FE706B6261EB6E7FE2F15A42CBA6B99B9E34337A7442D"
"NM-019_Performance_and_Benchmarking\manuscript\chapters\chapter06.md","11240","1641F882B2770B0279913B909CE3963A1BD34F34848F47E353539409D5377E8B"
"NM-019_Performance_and_Benchmarking\manuscript\chapters\chapter07.md","9768","F3F9E76DC58433FD187679B364A7A0E3B0F025583675F1DB75B73D2E4542341F"
"NM-019_Performance_and_Benchmarking\manuscript\chapters\chapter08.md","13206","6B45340C322F15D1AA048495EB6D351A80A97AF57059CCBB7FF55025A08E3B55"
"NM-019_Performance_and_Benchmarking\manuscript\chapters\chapter09.md","13106","451136C01BDB0847AC4FD50BB79A8B54B280A1EEFB41F8B2D5D23EFDA89694DD"
"NM-019_Performance_and_Benchmarking\manuscript\chapters\chapter10.md","27069","2BEE44FDE8162561CE3A49C3E06F893C8EC7117E77DC03EB5CA8964A808EED3A"
"NM-019_Performance_and_Benchmarking\manuscript\chapters\chapter11.md","9310","B6E8458125E93B466ED605241F82CEA9280FED8986FD85415C1D5B25BE0E126D"
"NM-019_Performance_and_Benchmarking\manuscript\chapters\chapter12.md","9610","72E927535FA507C1FB8D59697FB93B1B3AA06F0B151B44F7B2E3527D8CFD5A8E"
"NM-019_Performance_and_Benchmarking\manuscript\chapters\chapter13.md","9943","78759CDA2C51329459F8BA490E101407A01EBF57A76A5CBCBF4F4955A6886A58"
"NM-019_Performance_and_Benchmarking\manuscript\chapters\chapter14.md","9780","EF793E96AFDF2C6FB984E6DDED3ABD3DD14EF988E214423D2F2B51B1CC252EEC"
"NM-019_Performance_and_Benchmarking\manuscript\chapters\chapter15.md","10956","A43BB8C94090C51665165AA3BC29B38D57CC30F435F976081BE3FB26E4AEB132"
"NM-019_Performance_and_Benchmarking\manuscript\chapters\chapter16.md","8796","ED9DC22E5E9EEEF379BA3C44B90690F34F308DADCED8882DE40A52B95A32F716"
"NM-019_Performance_and_Benchmarking\manuscript\chapters\chapter17.md","8342","3A0498482B494F398879EFF0225D02694813C61664675BB4C02622564BC6FCC9"
"NM-019_Performance_and_Benchmarking\manuscript\chapters\chapter18.md","8889","429673A88C9278A6C01CC817E8A0C8A71F178877342AAB55B6CE8CA6F167F178"
"NM-019_Performance_and_Benchmarking\manuscript\chapters\chapter19.md","12382","98BE3439FD2F064F84E08E01E3D45373D2BD8C3AC92D1BE325045BD0CCEA9944"
"NM-019_Performance_and_Benchmarking\manuscript\chapters\chapter20.md","13313","C5120BC39931BCDB6FA8BF40AAED329EE5A9A08015AB621EAF1117125F706FD9"
"NM-019_Performance_and_Benchmarking\manuscript\chapters\chapter21.md","14032","2089316FC37E9DDC8C4A55B7395902643068E904C1A94A14D3389F355EA173CD"
"NM-019_Performance_and_Benchmarking\manuscript\chapters\chapter22.md","13588","B6A2498E22DDC239327A3D61CCF92DB9A4DB110911AFC526B3AA8254ABDFE0D7"
"NM-019_Performance_and_Benchmarking\manuscript\chapters\chapter23.md","17316","5ED628ABC729BF406650ECFF110BC37E6122C1B6EF4CB36C8B77704268E5BCB2"
"NM-019_Performance_and_Benchmarking\manuscript\chapters\chapter24.md","12961","A70D8544DAB6E27EE62FA7D368F8933481946B86EAC6725F3596D7B872F21FF9"
"NM-019_Performance_and_Benchmarking\manuscript\chapters\chapter25.md","12080","2BA981518B3A6C910E75825E8F2F8038A829E660AD5FAA714ED010ABB0C3AB9F"
"NM-019_Performance_and_Benchmarking\manuscript\chapters\chapter26.md","13506","1C127A9F234BE75DC06F7AA42C9AC1A67B26371BAD32C9CE4B73CA463DA6DE7F"
"NM-019_Performance_and_Benchmarking\manuscript\chapters\chapter27.md","11016","AB0569C22711D2B8C18A861E23B9EC842FF0D3A997D945CD1101D21980885D76"
"NM-019_Performance_and_Benchmarking\manuscript\chapters\chapter28.md","13460","649A9E0036C518AFC436F1DA52E011708049374B31CE76B46CF17765B6D7C1EB"
"NM-019_Performance_and_Benchmarking\manuscript\chapters\chapter29.md","11989","07008EE8C4A1449AE07F5DC04A698B19880C6DC4AD35183BE4450C0C55AD52AE"
"NM-019_Performance_and_Benchmarking\manuscript\chapters\chapter30.md","9954","CF9EE7AD26343F1C5C28FC4D8CFC401962969F151C028D03A0E2DD9690D97A60"
"NM-019_Performance_and_Benchmarking\manuscript\chapters\chapter31.md","9357","96AD5F0F6264198C7007E43C93FB965A108E673AD346F2BEDC974F825393CF59"
"NM-019_Performance_and_Benchmarking\manuscript\chapters\chapter32.md","9042","3F37183C964CC40D8DE5AC599A4CED4538420BAD0F3525DAB9A56A5FCED6CD5B"
"NM-019_Performance_and_Benchmarking\manuscript\chapters\chapter33.md","11275","38619ACF4107A8100005F1ADA18C1DA2DC7760784262AFEFFC895285348D7A2E"
"NM-019_Performance_and_Benchmarking\manuscript\chapters\chapter34.md","14545","B273296B0B145946AE8D10DFD63B7F5DD2F56B3A3564220E3F42661DEE544E13"
"NM-019_Performance_and_Benchmarking\manuscript\chapters\chapter35.md","13492","8DE7FA96373E600A8BC2794752BD2F65B986C7DD19A3257635E2052228363F2F"
"NM-019_Performance_and_Benchmarking\manuscript\front_matter\00_cover.md","654","62CD5712B3A4763D60C14DA4328BDA6310346C29B96F22B957ACD92A8A95E84E"
"NM-019_Performance_and_Benchmarking\manuscript\front_matter\01_copyright.md","2754","EECD9E9602F78777F61D83967E7D5DAA975A9BEBAB671A1A75E552D82636F6D5"
"NM-019_Performance_and_Benchmarking\manuscript\front_matter\02_preface.md","5584","7A72EB3DFA969CE4907F1858B2A723B21BCC82D63B25D6D7CFB5CCB66B58C769"
"NM-019_Performance_and_Benchmarking\manuscript\front_matter\03_table_of_contents.md","2097","DFFA5EC075F9DD9626F2B0F82E39AD73EC77D1D498E731B4F109E5D2185AF255"
"NM-019_Performance_and_Benchmarking\manuscript-zh-TW\appendices\appendix-a.md","11178","68229943BE97104DE75041231EE1FDE1116CD2331BA3F4397C8512E06C01A2EE"
"NM-019_Performance_and_Benchmarking\manuscript-zh-TW\appendices\appendix-b.md","8869","B0DCB8377347005A185F8FD37B370C268369C12452967F1D7C992F3AFCE712FE"
"NM-019_Performance_and_Benchmarking\manuscript-zh-TW\appendices\appendix-c.md","7565","12DDE30F338295866BC014FBE4E1CE6270823FBA4890F4EB34CAD555B02F2F1A"
"NM-019_Performance_and_Benchmarking\manuscript-zh-TW\appendices\appendix-d.md","9582","40FAF386E60FCB828D6059E6B1F2BB8DDEA18EF3754925BB7DB0DAD59A400A06"
"NM-019_Performance_and_Benchmarking\manuscript-zh-TW\appendices\appendix-e.md","25354","2ABC999891F39E4DE5F80DCD30EDA23B8B8864AAA08B035087737B62E7E27573"
"NM-019_Performance_and_Benchmarking\manuscript-zh-TW\appendices\appendix-f.md","11045","F0FE8D455F2DE3FB4DE0830A09D32CC991A1BA95325788E03AE67DCB3E9D291B"
"NM-019_Performance_and_Benchmarking\manuscript-zh-TW\appendices\appendix-g.md","10391","D687F61092EF812A2C323ACEAC64C9A31F1AF3948B374DD0CD9FA938520A7DB0"
"NM-019_Performance_and_Benchmarking\manuscript-zh-TW\appendices\appendix-h.md","13767","817FC282320F528CAD643169DD709058879F48EA7AD62B60CAC569139D516298"
"NM-019_Performance_and_Benchmarking\manuscript-zh-TW\back_matter\about_author.md","3799","4CD7128E469B0847DF7C45955F5DA4E7A03C30D93426F45E2109683737D189BF"
"NM-019_Performance_and_Benchmarking\manuscript-zh-TW\back_matter\bibliography.md","5573","BC8A76159D52A2E6199BA77CA9986D7FC7BFC0C93678D2EB4C158B4522ABB670"
"NM-019_Performance_and_Benchmarking\manuscript-zh-TW\chapters\chapter01.md","11663","E533DE02635C29ACDAF7494251C1FFF52F169229654AF53D4D577326123D1BFB"
"NM-019_Performance_and_Benchmarking\manuscript-zh-TW\chapters\chapter02.md","10702","7B425DEFF602534DC97DFEB194538A9845EE5EE2F4C179FC08E66B4FF7D2053A"
"NM-019_Performance_and_Benchmarking\manuscript-zh-TW\chapters\chapter03.md","14419","B76C9B1A43F4020AB806AB3D8D7D957B1772336136C5F417C8DCCF3EA9BD9BEF"
"NM-019_Performance_and_Benchmarking\manuscript-zh-TW\chapters\chapter04.md","14220","CA33AF3AA8B8C9A2DD0C3A015809D16A6060CBEFA872A7BD71A4388F9CE954B3"
"NM-019_Performance_and_Benchmarking\manuscript-zh-TW\chapters\chapter05.md","13250","73916B9C1134C3DB7238CE66A2A292B20C960D1C98DA0955B5AEC1B0E0FE66B7"
"NM-019_Performance_and_Benchmarking\manuscript-zh-TW\chapters\chapter06.md","14132","FD793775A9DF71A22A4930C6E8697103421B213649B0426964687D626D6DEC39"
"NM-019_Performance_and_Benchmarking\manuscript-zh-TW\chapters\chapter07.md","10160","C298EF0ED5F759001744FA81DF0B6D02A1314117B827788B1DE594F3E43F6395"
"NM-019_Performance_and_Benchmarking\manuscript-zh-TW\chapters\chapter08.md","17700","6CF3C1987D68F0920B70AAC608FF63CD2B1C0C9E1275E533939C3CA722D24877"
"NM-019_Performance_and_Benchmarking\manuscript-zh-TW\chapters\chapter09.md","22760","CE27799B88EB6F18EBD2CC1F0B5F31DAEA762BB2E6F931882FD0077DEEC40061"
"NM-019_Performance_and_Benchmarking\manuscript-zh-TW\chapters\chapter10.md","27608","2CB14D95A28A53D9B0521405174F0C4630867F0FAB134F15FFD72DBE7FE6F7F7"
"NM-019_Performance_and_Benchmarking\manuscript-zh-TW\chapters\chapter11.md","14661","8622CAC1EFF76B290FE542C1EBBBC23764B7686AEE4DA3C685008E32A901DDBB"
"NM-019_Performance_and_Benchmarking\manuscript-zh-TW\chapters\chapter12.md","16646","38B48AA94A66606B2CD70B518929E571EF4FD221C926E6EF5FD7991ACA583C77"
"NM-019_Performance_and_Benchmarking\manuscript-zh-TW\chapters\chapter13.md","7410","243A9A84AC33123EB33C6C662427085A28525C6004D885BB65AA36E666C6EA57"
"NM-019_Performance_and_Benchmarking\manuscript-zh-TW\chapters\chapter14.md","7691","9203ECD902908ED12F0A22F5008432433DD69508305A11463C4B296A2598F215"
"NM-019_Performance_and_Benchmarking\manuscript-zh-TW\chapters\chapter15.md","8453","1D446B634F296B184DBA526B227CEFC5E7B06B3C5F47843A108D1CCACF540D8E"
"NM-019_Performance_and_Benchmarking\manuscript-zh-TW\chapters\chapter16.md","8472","957A1590E737F01D93F4F7B2E4B528F0853ED0C3C7D325C9DBFB017AA4606572"
"NM-019_Performance_and_Benchmarking\manuscript-zh-TW\chapters\chapter17.md","8262","ECA99E50A56FF853579D1CA8CC2C6CC3CAD9B689980F826588A5847D4F084415"
"NM-019_Performance_and_Benchmarking\manuscript-zh-TW\chapters\chapter18.md","8567","C71E1DFACD2848E8BB5A77FFCCB45F029314EFE337842899B52E330BE335F695"
"NM-019_Performance_and_Benchmarking\manuscript-zh-TW\chapters\chapter19.md","12721","566821355D169ACC6A161942BF70F2A0632EFB4F1FDFC4112949A18DEF83B9FA"
"NM-019_Performance_and_Benchmarking\manuscript-zh-TW\chapters\chapter20.md","13976","B139F19F2864CAF6C8EEC24C32A65B0C07825557935B2DF46357A41DF2545C95"
"NM-019_Performance_and_Benchmarking\manuscript-zh-TW\chapters\chapter21.md","13810","EF558D7CDBB3E5786424EF57748A57DE2F4FDCD063895BB6655BFB701332CB5D"
"NM-019_Performance_and_Benchmarking\manuscript-zh-TW\chapters\chapter22.md","14738","4C3A64FC089424A159EAC4ED6DC83FECD32636C3FD497F65AF266C4D301822D8"
"NM-019_Performance_and_Benchmarking\manuscript-zh-TW\chapters\chapter23.md","20931","66CFC7E4BBB114034F751BE1CD5D8D579419AE67B356841D89D487F6638AD065"
"NM-019_Performance_and_Benchmarking\manuscript-zh-TW\chapters\chapter24.md","15548","CD244C513CC48CD37336C0478DA57D95C89FD5307D9D851BD9012F03A0485F69"
"NM-019_Performance_and_Benchmarking\manuscript-zh-TW\chapters\chapter25.md","15056","F459638DF19B1BA6A443720FDFD66B0014498A08FD3F978EDB29319CDD8E0E6E"
"NM-019_Performance_and_Benchmarking\manuscript-zh-TW\chapters\chapter26.md","15950","4C7DD27F95A159EB44DCFA8A74570E1075CA6455B8A452D3532B60DA2CF4CB1A"
"NM-019_Performance_and_Benchmarking\manuscript-zh-TW\chapters\chapter27.md","17582","C4EDBEC71921E5462DE55AD6626B1B9D780BCDA8AE6A32008446861261AB3586"
"NM-019_Performance_and_Benchmarking\manuscript-zh-TW\chapters\chapter28.md","18311","415F00FDC1C973FB21E09DE01AF75F3DB32E436A2EA6330D71A8E8405031F8E0"
"NM-019_Performance_and_Benchmarking\manuscript-zh-TW\chapters\chapter29.md","17787","C8C6BC00802E1DAC3CEF49D40B5C181B3CFBE601128E4763725CF8D7FC6B1073"
"NM-019_Performance_and_Benchmarking\manuscript-zh-TW\chapters\chapter30.md","14992","9AC639978AFAAF5BACD314B7FA2D4FE602FC0EE2DD5B39B8359D36E18D4B12A9"
"NM-019_Performance_and_Benchmarking\manuscript-zh-TW\chapters\chapter31.md","17815","AC2BF5644A1656304C4D445850CB9A7856E236BD58BDCEA694327E1D13559BB7"
"NM-019_Performance_and_Benchmarking\manuscript-zh-TW\chapters\chapter32.md","18318","066254925FCA792E997BE1A3A564ED8C3FBCB5677A77A66F2937BA9A4440DD23"
"NM-019_Performance_and_Benchmarking\manuscript-zh-TW\chapters\chapter33.md","12527","91897DCDC6A20B268D18E64699ABF95CC604BAD8C3A21B30DFB1CE405319DC9E"
"NM-019_Performance_and_Benchmarking\manuscript-zh-TW\chapters\chapter34.md","16251","FB2E8AFA53489C3621A0D2C2BBCE7F6C9BAEA45ED5A7C24C0F9BFFE8CA3364E3"
"NM-019_Performance_and_Benchmarking\manuscript-zh-TW\chapters\chapter35.md","17424","D435E411EF162D8967C10018D8747BC680EB7B13D368784A7C80DA5786112466"
"NM-019_Performance_and_Benchmarking\manuscript-zh-TW\front_matter\00_cover.md","680","A6F6A83255DDDF0B7AD5564FCC6969BC318E64DB8B0ED6F6D985B72829870847"
"NM-019_Performance_and_Benchmarking\manuscript-zh-TW\front_matter\01_copyright.md","2495","2D8B3D94AC9D3229EB9FBB674CFF71391AE6D581B1A0C2A1FE30ACB64FDBCDA0"
"NM-019_Performance_and_Benchmarking\manuscript-zh-TW\front_matter\02_preface.md","4972","DCF5347B56F49406D893969C2E7BC605FBBFAE10A56D627F6B6E6BAAC16E643D"
"NM-019_Performance_and_Benchmarking\manuscript-zh-TW\front_matter\03_table_of_contents.md","2068","81535D517587CD62775F76CD84603C6FD009A405A081A8A1B8414A857EE2D316"
"NM-020_Python_Intermedio\NM-020_Python_Intermedio.pdf","1205952","B42686B177FCDDE353F0957FA00B103AB9837A332C3231A792DE249A3E37AD0B"
