"identificador","tipo_documento","archivo","bytes","sha256"
"COMP-01","DOCUMENTO","C:\PROYECTOS\G10_Nuevamente_Equipo48\_revision_corpus_fase05\documentos\COMP-01_Salud_GPC_Colombia\COMP-01_Guia_GPC_Evaluacion_Economica_Salud_Colombia.pdf","4168843","D80A1DCA8805BC74EAB7FCDCED897EB42268A0D7034B8C9E27051739D72AE262"
"COMP-03","DOCUMENTO","C:\PROYECTOS\G10_Nuevamente_Equipo48\_revision_corpus_fase05\documentos\COMP-03_Gobierno_MIPG_6_1\COMP-03_Manual_Operativo_MIPG_6_1.pdf","6032083","47BAC67BDED8568F4F17E4240BFAAB9421C5E4B34BAFEE80D411ECC6336B8C46"
"COMP-04","DOCUMENTO","C:\PROYECTOS\G10_Nuevamente_Equipo48\_revision_corpus_fase05\documentos\COMP-04_Legal_Proteccion_Datos\COMP-04_Guia_Oficial_Proteccion_Datos_Personales.pdf","3334426","1DF0FC0BF1B2DCD7C3C6CE0E77DE139489462D4EAFDDD240ECCE0351C873ED7E"
"COMP-05","DOCUMENTO","C:\PROYECTOS\G10_Nuevamente_Equipo48\_revision_corpus_fase05\documentos\COMP-05_Biotecnologia_Bioseguridad\COMP-05_Lineamientos_Nacionales_Bioseguridad_Laboratorios.pdf","1060571","B86B4013FF39B46177B8CA03A284E8F2C723E36851729130F920CA0D0F7F8782"
"COMP-06","DOCUMENTO","C:\PROYECTOS\G10_Nuevamente_Equipo48\_revision_corpus_fase05\documentos\COMP-06_Marketing_Ventas\COMP-06_Introducing_Marketing_John_Burnett.pdf","13038645","E5B01DEE6685050C0CFCDC1C343A0663B999FBE395991B623A5653016EDA794C"
"COMP-07","DOCUMENTO","C:\PROYECTOS\G10_Nuevamente_Equipo48\_revision_corpus_fase05\documentos\COMP-07_Legal_Compliance_PTEE_2026\COMP-07_Oficio_PTEE_Transicion_2026.pdf","263716","48324891AEB416C21B9DB6B69AA53E7EE0649DF42F6CA31A024F33E5012EF8AF"
"COMP-09","DOCUMENTO","C:\PROYECTOS\G10_Nuevamente_Equipo48\_revision_corpus_fase05\documentos\COMP-09_Biotecnologia_Politica_Colombia\COMP-09_Tecnologias_de_la_vida_para_el_desarrollo.pdf","7925258","B93B6C228CB9F1BE733D09F71D6D3E3203DAF63D19381ED2900AE11971098B91"
"COMP-10","DOCUMENTO","C:\PROYECTOS\G10_Nuevamente_Equipo48\_revision_corpus_fase05\documentos\COMP-10_Ventas_SENA\COMP-10_Vendedor_Externo_SENA.pdf","9083512","627C157A98FCBD5FD0501E513B16C9EF78D6AC2E82A1509FF7122C491AD76F07"
"COMP-11","DOCUMENTO","C:\PROYECTOS\G10_Nuevamente_Equipo48\_revision_corpus_fase05\documentos\COMP-11_Sales_Leadership_Management\COMP-11_Sales_Leadership_Management.pdf","17950289","CFEF6CB979AA8C31F08476CB16310CF79F0DAF90C25EF178083F43F078743AAD"
"NM-001","DOCUMENTO","C:\PROYECTOS\G10_Nuevamente_Equipo48\_revision_corpus_fase05\documentos\NM-001_Fundamentos_Programacion_Python\NM-001_Fundamentos_Programacion_Python.pdf","6882391","A8A273F011EB47DFD0B24D3C8FE2F9916CCE3A2DF1C323AAFF3C16E9CEA45E9A"
"NM-002","DOCUMENTO","C:\PROYECTOS\G10_Nuevamente_Equipo48\_revision_corpus_fase05\documentos\NM-002_Think_Python_3e_Espanol\NM-002_Think_Python_3e_Espanol.pdf","6799471","F59643079A210A8E46A5CAB5E5B0B51446A1CBC34530F0CCC2153FBCD1DA4B3D"
"NM-003","REPOSITORIO_FUENTE","C:\PROYECTOS\G10_Nuevamente_Equipo48\_revision_corpus_fase05\documentos\NM-003_A_Practical_Introduction_to_Databases","2702673","84a6b60d9dd499dcbbc7beee8636c128e931cf846660690edff4e2748236b2c6"
"NM-004","DOCUMENTO","C:\PROYECTOS\G10_Nuevamente_Equipo48\_revision_corpus_fase05\documentos\NM-004_Diseno_de_base_de_datos\NM-004_Diseno_de_base_de_datos.pdf","1083273","5F0A44D15AEE9E5629D40A2C0B8C393D5A3CA510E015B66B4FCA135BED5CC7B8"
"NM-006","DOCUMENTO","C:\PROYECTOS\G10_Nuevamente_Equipo48\_revision_corpus_fase05\documentos\NM-006_Manual_de_Ciberseguridad_OSC\NM-006_Manual_de_Ciberseguridad_OSC.pdf","12117201","D366E6EBF409AA4677D0678E9C3A39BD08EB2D7FD4E7BA3137CE6161036E4E53"
"NM-007","DOCUMENTO","C:\PROYECTOS\G10_Nuevamente_Equipo48\_revision_corpus_fase05\documentos\NM-007_ESP32_en_el_Aula\NM-007_ESP32_en_el_Aula.pdf","12426137","DCA7B33B28D62CE5FC5047FE592B8B22BE8D1BD6499717AC31199C9297CF2400"
"NM-008","DOCUMENTO","C:\PROYECTOS\G10_Nuevamente_Equipo48\_revision_corpus_fase05\documentos\NM-008_Electronica_Digital\NM-008_Electronica_Digital.pdf","9615984","FA7FB6436A46CBE615E6C984A756C837220D5FADE3C0E78A6CD6AAEADAD1C190"
"NM-009","DOCUMENTO","C:\PROYECTOS\G10_Nuevamente_Equipo48\_revision_corpus_fase05\documentos\NM-009_Energia_Solar_Fotovoltaica\NM-009_Energia_Solar_Fotovoltaica.pdf","13378020","ADC27FA0DA262BF1835F1D62B8EA4FE73F0B222ABB85F108AB3A5F9645CCDB93"
"NM-010","DOCUMENTO","C:\PROYECTOS\G10_Nuevamente_Equipo48\_revision_corpus_fase05\documentos\NM-010_Sistemas_Informacion_Geografica\NM-010_Sistemas_Informacion_Geografica.pdf","47431681","572534C46DDB913991611B2795E384D8DF16FBC89E0F89D69C5C68C400926256"
"NM-011","DOCUMENTO","C:\PROYECTOS\G10_Nuevamente_Equipo48\_revision_corpus_fase05\documentos\NM-011_Desarrollo_Aplicaciones_Moviles_Google_Cloud\NM-011_Desarrollo_Aplicaciones_Moviles_Google_Cloud.pdf","12475105","2B0FBC1D5D49391AFE20B2D59494B7B8EB98D1F205297745286232F1F08944C0"
"NM-012","REPOSITORIO_FUENTE","C:\PROYECTOS\G10_Nuevamente_Equipo48\_revision_corpus_fase05\documentos\NM-012_Risk_and_Reliability_for_Engineers","209743","0cfbf30be9e2f42a7bd8916da73bf05c81bc9071fc61db56eca39f1a0ddbbe59"
"NM-014","DOCUMENTO","C:\PROYECTOS\G10_Nuevamente_Equipo48\_revision_corpus_fase05\documentos\NM-014_Introduccion_a_la_Quimica_CEAEQ\NM-014_Introduccion_a_la_Quimica_CEAEQ.pdf","4159853","366E20587F6DEFD46E775CA927F16DA5345C39DF3D91F4E6D4CE7FEF55832E77"
"NM-015","DOCUMENTO","C:\PROYECTOS\G10_Nuevamente_Equipo48\_revision_corpus_fase05\documentos\NM-015_Como_funciona_la_energia\NM-015_Como_funciona_la_energia.pdf","5616007","897DD3EFD3F90BBBCEE61CB08F38C9389B3EF076EDC29CE4CB09BC57AA175BE0"
"NM-016","DOCUMENTO","C:\PROYECTOS\G10_Nuevamente_Equipo48\_revision_corpus_fase05\documentos\NM-016_Como_funciona_la_tecnologia\NM-016_Como_funciona_la_tecnologia.pdf","6225576","5213D0F6939B49139AFD9156EE5752E4DDAE8DE6FCE3C45A07CB63E9508342E5"
"NM-018","REPOSITORIO_FUENTE","C:\PROYECTOS\G10_Nuevamente_Equipo48\_revision_corpus_fase05\documentos\NM-018_Data_Structures_in_Practice","939450","99d3f1ebccf89083fc16972beb8cfbd7995f6772308bb3891af6d075bc6863f9"
"NM-019","REPOSITORIO_FUENTE","C:\PROYECTOS\G10_Nuevamente_Equipo48\_revision_corpus_fase05\documentos\NM-019_Performance_and_Benchmarking","1177466","ef83d44969706cefc3e65452218729cbc3725c811936f10ea5dfc998c24786b7"
"NM-020","DOCUMENTO","C:\PROYECTOS\G10_Nuevamente_Equipo48\_revision_corpus_fase05\documentos\NM-020_Python_Intermedio\NM-020_Python_Intermedio.pdf","1205952","B42686B177FCDDE353F0957FA00B103AB9837A332C3231A792DE249A3E37AD0B"
